municipio,link
Figueirópolis d'Oeste,src/figueiropolis/Portal Transp. Servidores_mes04.csv
Figueirópolis d'Oeste,src/figueiropolis/Portal Transp. Servidores_mes05.csv
Indiavaí,src/indiavai/Portal Transp. Servidores_mes04.csv
Indiavaí,src/indiavai/Portal Transp. Servidores_mes05.csv
Jauru,src/jauru/Portal Transp. Servidores_mes04.csv
Jauru,src/jauru/Portal Transp. Servidores_mes05.csv
Lambari d'Oeste,src/lambari_d_oeste/Portal Transp. Servidores_mes04.csv
Lambari d'Oeste,src/lambari_d_oeste/Portal Transp. Servidores_mes05.csv
Mirassol d'Oeste,src/mirassol/Portal Transp. Servidores_mes04.csv
Mirassol d'Oeste,src/mirassol/Portal Transp. Servidores_mes05.csv
Porto Esperidião,src/porto/Portal Transp. Servidores_mes04.csv
Porto Esperidião,src/porto/Portal Transp. Servidores_mes05.csv
Reserva do Cabaçal,src/reserva/Portal Transp. Servidores_mes04.csv
Reserva do Cabaçal,src/reserva/Portal Transp. Servidores_mes05.csv
Rio Branco,src/rio_branco/Portal Transp. Servidores_mes04.csv
Rio Branco,src/rio_branco/Portal Transp. Servidores_mes05.csv
Salto do Céu,src/salto/Portal Transp. Servidores_mes04.csv
Salto do Céu,src/salto/Portal Transp. Servidores_mes05.csv
São José dos Quatro Marcos,src/sao_jose_quatro_marcos/Portal Transp. Servidores_mes04.csv
São José dos Quatro Marcos,src/sao_jose_quatro_marcos/Portal Transp. Servidores_mes05.csv
